author,episode_number,episode_title,quote,quote_order,season
Monica,1,Monica Gets A Roommate,There's nothing to tell! He's just some guy I work with!,0,1
Joey,1,Monica Gets A Roommate,"C'mon, you're going out with the guy! There's gotta be something wrong with him!",1,1
Chandler,1,Monica Gets A Roommate,"All right Joey, be nice. So does he have a hump? A hump and a hairpiece?",2,1
Phoebe,1,Monica Gets A Roommate,"Wait, does he eat chalk?",3,1
Phoebe,1,Monica Gets A Roommate,"Just, 'cause, I don't want her to go through what I went through with Carl- oh!",4,1
Monica,1,Monica Gets A Roommate,"Okay, everybody relax. This is not even a date. It's just two people going out to dinner and- not having sex.",5,1
Chandler,1,Monica Gets A Roommate,Sounds like a date to me.,6,1
Chandler,1,Monica Gets A Roommate,"Alright, so I'm back in high school, I'm standing in the middle of the cafeteria, and I realize I am totally naked.",7,1
All,1,Monica Gets A Roommate,"Oh, yeah. Had that dream.",8,1
Chandler,1,Monica Gets A Roommate,"Then I look down, and I realize there's a phone... there.",9,1
Joey,1,Monica Gets A Roommate,Instead of...?,10,1
Chandler,1,Monica Gets A Roommate,That's right.,11,1
Joey,1,Monica Gets A Roommate,Never had that dream.,12,1
Phoebe,1,Monica Gets A Roommate,No.,13,1
Chandler,1,Monica Gets A Roommate,"All of a sudden, the phone starts to ring. Now I don't know what to do, everybody starts looking at me.",14,1
Monica,1,Monica Gets A Roommate,And they weren't looking at you before?!,15,1
Chandler,1,Monica Gets A Roommate,"Finally, I figure I'd better answer it, and it turns out it's my mother, which is very-very weird, because- she never calls me!",16,1
Ross,1,Monica Gets A Roommate,(mortified) Hi.,17,1
Joey,1,Monica Gets A Roommate,"This guy says hello, I wanna kill myself.",18,1
Monica,1,Monica Gets A Roommate,"Are you okay, sweetie?",19,1
Ross,1,Monica Gets A Roommate,"I just feel like someone reached down my throat, grabbed my small intestine, pulled it out of my mouth and tied it around my neck...",20,1
Chandler,1,Monica Gets A Roommate,Cookie?,21,1
Monica,1,Monica Gets A Roommate,(explaining to the others) Carol moved her stuff out today.,22,1
Joey,1,Monica Gets A Roommate,Ohh.,23,1
Monica,1,Monica Gets A Roommate,(to Ross) Let me get you some coffee.,24,1
Ross,1,Monica Gets A Roommate,Thanks.,25,1
Phoebe,1,Monica Gets A Roommate,Ooh! Oh! (She starts to pluck at the air just in front of Ross.),26,1
Ross,1,Monica Gets A Roommate,"No, no don't! Stop cleansing my aura! No, just leave my aura alone, okay?",27,1
Phoebe,1,Monica Gets A Roommate,Fine! Be murky!,28,1
Ross,1,Monica Gets A Roommate,"I'll be fine, alright? Really, everyone. I hope she'll be very happy.",29,1
Monica,1,Monica Gets A Roommate,No you don't.,30,1
Ross,1,Monica Gets A Roommate,"No I don't, to hell with her, she left me!",31,1
Joey,1,Monica Gets A Roommate,And you never knew she was a lesbian...,32,1
Ross,1,Monica Gets A Roommate,"No!! Okay?! Why does everyone keep fixating on that? She didn't know, how should I know?",33,1
Chandler,1,Monica Gets A Roommate,Sometimes I wish I was a lesbian... (They all stare at him.) Did I say that out loud?,34,1
Ross,1,Monica Gets A Roommate,"I told mom and dad last night, they seemed to take it pretty well.",35,1
Monica,1,Monica Gets A Roommate,"Oh really, so that hysterical phone call I got from a woman at sobbing 3:00 A.M., ""I'll never have grandchildren, I'll never have grandchildren."" was what? A wrong number?",36,1
Ross,1,Monica Gets A Roommate,Sorry.,37,1
Joey,1,Monica Gets A Roommate,"Alright Ross, look. You're feeling a lot of pain right now. You're angry. You're hurting. Can I tell you what the answer is?",38,1
Joey,1,Monica Gets A Roommate,"Strip joint! C'mon, you're single! Have some hormones!",39,1
Ross,1,Monica Gets A Roommate,"I don't want to be single, okay? I just... I just- I just wanna be married again!",40,1
Chandler,1,Monica Gets A Roommate,And I just want a million dollars! (He extends his hand hopefully.),41,1
Monica,1,Monica Gets A Roommate,Rachel?!,42,1
Rachel,1,Monica Gets A Roommate,"Oh God Monica hi! Thank God! I just went to your building and you weren't there and then this guy with a big hammer said you might be here and you are, you are!",43,1
Waitress,1,Monica Gets A Roommate,Can I get you some coffee?,44,1
Monica,1,Monica Gets A Roommate,"(pointing at Rachel) De-caff. (to All) Okay, everybody, this is Rachel, another Lincoln High survivor. (to Rachel) This is everybody, this is Chandler, and Phoebe, and Joey, and- you remember my brother Ross?",45,1
Rachel,1,Monica Gets A Roommate,"Hi, sure!",46,1
Ross,1,Monica Gets A Roommate,Hi.,47,1
Monica,1,Monica Gets A Roommate,"So you wanna tell us now, or are we waiting for four wet bridesmaids?",48,1
Rachel,1,Monica Gets A Roommate,"Oh God... well, it started about a half hour before the wedding. I was in the room where we were keeping all the presents, and I was looking at this gravy boat. This really gorgeous Lamauge gravy boat. When all of a sudden- (to the waitress that brought her coffee)Sweet 'n' Lo?- I realized that I was more turned on by this gravy boat than by Barry! And then I got really freaked out, and that's when it hit me: how much Barry looks like Mr. Potato Head. Y'know, I mean, I always knew looked familiar, but... Anyway, I just had to get out of there, and I started wondering 'Why am I doing this, and who am I doing this for?'. (to Monica) So anyway I just didn't know where to go, and I know that you and I have kinda drifted apart, but you're the only person I knew who lived here in the city.",49,1
Monica,1,Monica Gets A Roommate,Who wasn't invited to the wedding.,50,1
Rachel,1,Monica Gets A Roommate,"Ooh, I was kinda hoping that wouldn't be an issue...Scene: Monica's Apartment, everyone is there and watching a Spanish Soap on TV and are trying to figure out what is going on.]",51,1
Monica,1,Monica Gets A Roommate,"Now I'm guessing that he bought her the big pipe organ, and she's really not happy about it.",52,1
Chandler,1,Monica Gets A Roommate,(imitating the characters) Tuna or egg salad? Decide!,53,1
Ross,1,Monica Gets A Roommate,(in a deep voice) I'll have whatever Christine is having.,54,1
Rachel,1,Monica Gets A Roommate,"(on phone) Daddy, I just... I can't marry him! I'm sorry. I just don't love him. Well, it matters to me!",55,1
Phoebe,1,Monica Gets A Roommate,"If I let go of my hair, my head will fall off.",56,1
Chandler,1,Monica Gets A Roommate,"(re TV) Ooh, she should not be wearing those pants.",57,1
Joey,1,Monica Gets A Roommate,I say push her down the stairs.,58,1
"Phoebe, Ross, Chandler, and Joey",1,Monica Gets A Roommate,Push her down the stairs! Push her down the stairs! Push her down the stairs!,59,1
Rachel,1,Monica Gets A Roommate,"C'mon Daddy, listen to me! It's like, it's like, all of my life, everyone has always told me, 'You're a shoe! You're a shoe, you're a shoe, you're a shoe!'. And today I just stopped and I said, 'What if I don't wanna be a shoe? What if I wanna be a- a purse, y'know? Or a- or a hat! No, I'm not saying I want you to buy me a hat, I'm saying I am a ha- It's a metaphor, Daddy!",60,1
Ross,1,Monica Gets A Roommate,You can see where he'd have trouble.,61,1
Rachel,1,Monica Gets A Roommate,"Look Daddy, it's my life. Well maybe I'll just stay here with Monica.",62,1
Monica,1,Monica Gets A Roommate,"Well, I guess we've established who's staying here with Monica...",63,1
Rachel,1,Monica Gets A Roommate,"Well, maybe that's my decision. Well, maybe I don't need your money. Wait!! Wait, I said maybe!!",64,1
Monica,1,Monica Gets A Roommate,"Just breathe, breathe.. that's it. Just try to think of nice calm things...",65,1
Phoebe,1,Monica Gets A Roommate,"(sings) Raindrops on roses and rabbits and kittens, (Rachel and Monica turn to look at her.) bluebells and sleighbells and- something with mittens... La la la la...something and noodles with string. These are a few...",66,1
Rachel,1,Monica Gets A Roommate,I'm all better now.,67,1
Phoebe,1,Monica Gets A Roommate,(grins and walks to the kitchen and says to Chandler and Joey.) I helped!,68,1
Monica,1,Monica Gets A Roommate,"Okay, look, this is probably for the best, y'know? Independence. Taking control of your life. The whole, 'hat' thing.",69,1
Joey,1,Monica Gets A Roommate,"(comforting her) And hey, you need anything, you can always come to Joey. Me and Chandler live across the hall. And he's away a lot.",70,1
Monica,1,Monica Gets A Roommate,"Joey, stop hitting on her! It's her wedding day!",71,1
Joey,1,Monica Gets A Roommate,"What, like there's a rule or something?",72,1
Chandler,1,Monica Gets A Roommate,"Please don't do that again, it's a horrible sound.",73,1
Paul,1,Monica Gets A Roommate,"(over the intercom) It's, uh, it's Paul.",74,1
Monica,1,Monica Gets A Roommate,"Oh God, is it 6:30? Buzz him in!",75,1
Joey,1,Monica Gets A Roommate,Who's Paul?,76,1
Ross,1,Monica Gets A Roommate,"Paul the Wine Guy, Paul?",77,1
Monica,1,Monica Gets A Roommate,Maybe. Joey: Wait. Your 'not a real date' tonight is with Paul the Wine Guy?,78,1
Ross,1,Monica Gets A Roommate,He finally asked you out?,79,1
Monica,1,Monica Gets A Roommate,Yes!,80,1
Chandler,1,Monica Gets A Roommate,"Ooh, this is a Dear Diary moment.",81,1
Monica,1,Monica Gets A Roommate,"Rach, wait, I can cancel...",82,1
Rachel,1,Monica Gets A Roommate,"Please, no, go, that'd be fine!",83,1
Monica,1,Monica Gets A Roommate,"(to Ross) Are, are you okay? I mean, do you want me to stay?",84,1
Ross,1,Monica Gets A Roommate,(choked voice) That'd be good...,85,1
Monica,1,Monica Gets A Roommate,(horrified) Really?,86,1
Ross,1,Monica Gets A Roommate,"(normal voice) No, go on! It's Paul the Wine Guy!",87,1
Phoebe,1,Monica Gets A Roommate,"What does that mean? Does he sell it, drink it, or just complain a lot? (Chandler doesn't know.)",88,1
Monica,1,Monica Gets A Roommate,"Hi, come in! Paul, this is.. (They are all lined up next to the door.)... everybody, everybody, this is Paul.",89,1
All,1,Monica Gets A Roommate,Hey! Paul! Hi! The Wine Guy! Hey!,90,1
Chandler,1,Monica Gets A Roommate,"I'm sorry, I didn't catch your name. Paul, was it?",91,1
Monica,1,Monica Gets A Roommate,"Okay, umm-umm, I'll just--I'll be right back, I just gotta go ah, go ah...",92,1
Ross,1,Monica Gets A Roommate,A wandering?,93,1
Monica,1,Monica Gets A Roommate,"Change! Okay, sit down. (Shows Paul in) Two seconds.",94,1
Phoebe,1,Monica Gets A Roommate,"Ooh, I just pulled out four eyelashes. That can't be good.",95,1
Joey,1,Monica Gets A Roommate,"Hey, Paul!",96,1
Paul,1,Monica Gets A Roommate,Yeah?,97,1
Joey,1,Monica Gets A Roommate,"Here's a little tip, she really likes it when you rub her neck in the same spot over and over and over again until it starts to get a little red.",98,1
Monica,1,Monica Gets A Roommate,"(yelling from the bedroom) Shut up, Joey!",99,1
Ross,1,Monica Gets A Roommate,"So Rachel, what're you, uh... what're you up to tonight?",100,1
Rachel,1,Monica Gets A Roommate,"Well, I was kinda supposed to be headed for Aruba on my honeymoon, so nothing!",101,1
Ross,1,Monica Gets A Roommate,"Right, you're not even getting your honeymoon, God.. No, no, although, Aruba, this time of year... talk about your- (thinks) -big lizards... Anyway, if you don't feel like being alone tonight, Joey and Chandler are coming over to help me put together my new furniture.",102,1
Chandler,1,Monica Gets A Roommate,"(deadpan) Yes, and we're very excited about it.",103,1
Rachel,1,Monica Gets A Roommate,"Well actually thanks, but I think I'm just gonna hang out here tonight. It's been kinda a long day.",104,1
Ross,1,Monica Gets A Roommate,"Okay, sure.",105,1
Joey,1,Monica Gets A Roommate,"Hey Pheebs, you wanna help?",106,1
Phoebe,1,Monica Gets A Roommate,"Oh, I wish I could, but I don't want to.",107,1
Phoebe,1,Monica Gets A Roommate,"(singing) Love is sweet as summer showers, love is a wondrous work of art, but your love oh your love, your love...is like a giant pigeon...crapping on my heart. La-la-la-la-la- (some guy gives her some change and to that guy) Thank you. (sings) La-la-la-la...ohhh!",109,1
Ross,1,Monica Gets A Roommate,"(squatting and reading the instructions) I'm supposed to attach a brackety thing to the side things, using a bunch of these little worm guys. I have no brackety thing, I see no whim guys whatsoever and- I cannot feel my legs.",110,1
Joey,1,Monica Gets A Roommate,I'm thinking we've got a bookcase here.,111,1
Chandler,1,Monica Gets A Roommate,It's a beautiful thing.,112,1
Joey,1,Monica Gets A Roommate,(picking up a leftover part) What's this?,113,1
Chandler,1,Monica Gets A Roommate,I would have to say that is an 'L'-shaped bracket.,114,1
Joey,1,Monica Gets A Roommate,Which goes where?,115,1
Chandler,1,Monica Gets A Roommate,I have no idea.,116,1
Joey,1,Monica Gets A Roommate,Done with the bookcase!,117,1
Chandler,1,Monica Gets A Roommate,All finished!,118,1
Ross,1,Monica Gets A Roommate,"(clutching a beer can and sniffing) This was Carol's favorite beer. She always drank it out of the can, I should have known.",119,1
Joey,1,Monica Gets A Roommate,"Hey-hey-hey-hey, if you're gonna start with that stuff we're outta here.",120,1
Chandler,1,Monica Gets A Roommate,"Yes, please don't spoil all this fun.",121,1
Joey,1,Monica Gets A Roommate,"Ross, let me ask you a question. She got the furniture, the stereo, the good TV- what did you get?",122,1
Ross,1,Monica Gets A Roommate,You guys.,123,1
Chandler,1,Monica Gets A Roommate,"Oh, God.",124,1
Joey,1,Monica Gets A Roommate,You got screwed.,125,1
Chandler,1,Monica Gets A Roommate,Oh my God!,126,1
Monica,1,Monica Gets A Roommate,Oh my God!,127,1
Paul,1,Monica Gets A Roommate,"I know, I know, I'm such an idiot. I guess I should have caught on when she started going to the dentist four and five times a week. I mean, how clean can teeth get?",128,1
Monica,1,Monica Gets A Roommate,"My brother's going through that right now, he's such a mess. How did you get through it?",129,1
Paul,1,Monica Gets A Roommate,"Well, you might try accidentally breaking something valuable of hers, say her-",130,1
Monica,1,Monica Gets A Roommate,-leg?,131,1
Paul,1,Monica Gets A Roommate,"(laughing) That's one way! Me, I- I went for the watch.",132,1
Monica,1,Monica Gets A Roommate,"You actually broke her watch? Wow! The worst thing I ever did was, I-I shredded by boyfriend's favorite bath towel.",133,1
Paul,1,Monica Gets A Roommate,"Ooh, steer clear of you.",134,1
Monica,1,Monica Gets A Roommate,"That's right.Scene: Monica's Apartment, Rachel is talking on the phone and pacing.]",135,1
Rachel,1,Monica Gets A Roommate,"Barry, I'm sorry... I am so sorry... I know you probably think that this is all about what I said the other day about you making love with your socks on, but it isn't... it isn't, it's about me, and I ju- (She stops talking and dials the phone.) Hi, machine cut me off again... anyway...look, look, I know that some girl is going to be incredibly lucky to become Mrs. Barry Finkel, but it isn't me, it's not me. And not that I have any idea who me is right now, but you just have to give me a chance too... (The maching cuts her off again and she redials.)",136,1
Ross,1,Monica Gets A Roommate,I'm divorced! I'm only 26 and I'm divorced!,137,1
Joey,1,Monica Gets A Roommate,Shut up!,138,1
Chandler,1,Monica Gets A Roommate,You must stop! (Chandler hits what he is working on with a hammer and it collapses.),139,1
Ross,1,Monica Gets A Roommate,That only took me an hour.,140,1
Chandler,1,Monica Gets A Roommate,"Look, Ross, you gotta understand, between us we haven't had a relationship that has lasted longer than a Mento. You, however have had the love of a woman for four years. Four years of closeness and sharing at the end of which she ripped your heart out, and that is why we don't do it! I don't think that was my point!",141,1
Ross,1,Monica Gets A Roommate,"You know what the scariest part is? What if there's only one woman for everybody, y'know? I mean what if you get one woman- and that's it? Unfortunately in my case, there was only one woman- for her...",142,1
Joey,1,Monica Gets A Roommate,"What are you talking about? 'One woman'? That's like saying there's only one flavor of ice cream for you. Lemme tell you something, Ross. There's lots of flavors out there. There's Rocky Road, and Cookie Dough, and Bing! Cherry Vanilla. You could get 'em with Jimmies, or nuts, or whipped cream! This is the best thing that ever happened to you! You got married, you were, like, what, eight? Welcome back to the world! Grab a spoon!",143,1
Ross,1,Monica Gets A Roommate,I honestly don't know if I'm hungry or horny.,144,1
Chandler,1,Monica Gets A Roommate,"Stay out of my freezer!Scene: A Restaurant, Monica and Paul are still eating.]",145,1
Paul,1,Monica Gets A Roommate,"Ever since she walked out on me, I, uh...",146,1
Monica,1,Monica Gets A Roommate,"What?..... What, you wanna spell it out with noodles?",147,1
Paul,1,Monica Gets A Roommate,"No, it's, it's more of a fifth date kinda revelation.",148,1
Monica,1,Monica Gets A Roommate,"Oh, so there is gonna be a fifth date?",149,1
Paul,1,Monica Gets A Roommate,Isn't there?,150,1
Monica,1,Monica Gets A Roommate,"Yeah... yeah, I think there is. -What were you gonna say?",151,1
Paul,1,Monica Gets A Roommate,"Well, ever-ev-... ever since she left me, um, I haven't been able to, uh, perform. (Monica takes a sip of her drink.) ...Sexually.",152,1
Monica,1,Monica Gets A Roommate,"(spitting out her drink in shock) Oh God, oh God, I am sorry... I am so sorry...",153,1
Paul,1,Monica Gets A Roommate,It's okay...,154,1
Monica,1,Monica Gets A Roommate,I know being spit on is probably not what you need right now. Um... how long?,155,1
Paul,1,Monica Gets A Roommate,Two years.,156,1
Monica,1,Monica Gets A Roommate,Wow! I'm-I'm-I'm glad you smashed her watch!,157,1
Paul,1,Monica Gets A Roommate,"So you still think you, um... might want that fifth date?",158,1
Monica,1,Monica Gets A Roommate,"(pause)...Yeah. Yeah, I do.",159,1
Priest on TV,1,Monica Gets A Roommate,"We are gathered here today to join Joanne Louise Cunningham and Charles, Chachi-Chachi-Chachi, Arcola in the bound of holy matrimony.",160,1
Rachel,1,Monica Gets A Roommate,Oh...see... but Joanne loved Chachi! That's the difference!,161,1
Ross,1,Monica Gets A Roommate,"(scornful) Grab a spoon. Do you know how long it's been since I've grabbed a spoon? Do the words 'Billy, don't be a hero' mean anything to you?",162,1
Joey,1,Monica Gets A Roommate,"Great story! But, I uh, I gotta go, I got a date with Andrea--Angela--Andrea... Oh man, (looks to Chandler)",163,1
Chandler,1,Monica Gets A Roommate,"Angela's the screamer, Andrea has cats.",164,1
Joey,1,Monica Gets A Roommate,Right. Thanks. It's June. I'm outta here. (Exits.),165,1
Ross,1,Monica Gets A Roommate,"Y'know, here's the thing. Even if I could get it together enough to- to ask a woman out,... who am I gonna ask? (He gazes out of the window.)",166,1
Rachel,1,Monica Gets A Roommate,"Isn't this amazing? I mean, I have never made coffee before in my entire life.",168,1
Chandler,1,Monica Gets A Roommate,That is amazing.,169,1
Joey,1,Monica Gets A Roommate,Congratulations.,170,1
Rachel,1,Monica Gets A Roommate,"Y'know, I figure if I can make coffee, there isn't anything I can't do.",171,1
Chandler,1,Monica Gets A Roommate,"If can invade Poland, there isn't anything I can't do.",172,1
Joey,1,Monica Gets A Roommate,"Listen, while you're on a roll, if you feel like you gotta make like a Western omelet or something... (Joey and Chandler taste the coffee, grimace, and pour it into a plant pot.) Although actually I'm really not that hungry...",173,1
Monica,1,Monica Gets A Roommate,"(entering, to herself) Oh good, Lenny and Squigy are here.",174,1
All,1,Monica Gets A Roommate,Morning. Good morning.,175,1
Paul,1,Monica Gets A Roommate,(entering from Monica's room) Morning.,176,1
Joey,1,Monica Gets A Roommate,"Morning, Paul.",177,1
Rachel,1,Monica Gets A Roommate,"Hello, Paul.",178,1
Chandler,1,Monica Gets A Roommate,"Hi, Paul, is it?",179,1
Paul,1,Monica Gets A Roommate,Thank you! Thank you so much!,180,1
Monica,1,Monica Gets A Roommate,Stop!,181,1
Paul,1,Monica Gets A Roommate,"No, I'm telling you last night was like umm, all my birthdays, both graduations, plus the barn raising scene in Witness.",182,1
Monica,1,Monica Gets A Roommate,We'll talk later.,183,1
Paul,1,Monica Gets A Roommate,Yeah. (They kiss) Thank you. (Exits),184,1
Joey,1,Monica Gets A Roommate,That wasn't a real date?! What the hell do you do on a real date?,185,1
Monica,1,Monica Gets A Roommate,"Shut up, and put my table back.",186,1
All,1,Monica Gets A Roommate,Okayyy! (They do so.),187,1
Chandler,1,Monica Gets A Roommate,"All right, kids, I gotta get to work. If I don't input those numbers,... it doesn't make much of a difference...",188,1
Rachel,1,Monica Gets A Roommate,"So, like, you guys all have jobs?",189,1
Monica,1,Monica Gets A Roommate,"Yeah, we all have jobs. See, that's how we buy stuff.",190,1
Joey,1,Monica Gets A Roommate,"Yeah, I'm an actor.",191,1
Rachel,1,Monica Gets A Roommate,Wow! Would I have seen you in anything?,192,1
Joey,1,Monica Gets A Roommate,I doubt it. Mostly regional work.,193,1
Monica,1,Monica Gets A Roommate,"Oh wait, wait, unless you happened to catch the Reruns' production of Pinocchio, at the little theater in the park.",194,1
Joey,1,Monica Gets A Roommate,"Look, it was a job all right?",195,1
Chandler,1,Monica Gets A Roommate,"'Look, Gippetto, I'm a real live boy.'",196,1
Joey,1,Monica Gets A Roommate,I will not take this abuse. (Walks to the door and opens it to leave.),197,1
Chandler,1,Monica Gets A Roommate,"You're right, I'm sorry. (Burst into song and dances out of the door.) ""Once I was a wooden boy, a little wooden boy...""",198,1
Joey,1,Monica Gets A Roommate,"You should both know, that he's a dead man. Oh, Chandler? (Starts after Chandler.)",199,1
Monica,1,Monica Gets A Roommate,So how you doing today? Did you sleep okay? Talk to Barry? I can't stop smiling.,200,1
Rachel,1,Monica Gets A Roommate,I can see that. You look like you slept with a hanger in your mouth.,201,1
Monica,1,Monica Gets A Roommate,"I know, he's just so, so... Do you remember you and Tony DeMarco?",202,1
Rachel,1,Monica Gets A Roommate,"Oh, yeah.",203,1
Monica,1,Monica Gets A Roommate,"Well, it's like that. With feelings.",204,1
Rachel,1,Monica Gets A Roommate,Oh wow. Are you in trouble.,205,1
Monica,1,Monica Gets A Roommate,Big time!,206,1
Rachel,1,Monica Gets A Roommate,Want a wedding dress? Hardly used.,207,1
Monica,1,Monica Gets A Roommate,"I think we are getting a little ahead of selves here. Okay. Okay. I am just going to get up, go to work and not think about him all day. Or else I'm just gonna get up and go to work.",208,1
Rachel,1,Monica Gets A Roommate,"Oh, look, wish me luck!",209,1
Monica,1,Monica Gets A Roommate,What for?,210,1
Rachel,1,Monica Gets A Roommate,I'm gonna go get one of those (Thinks) job things.,211,1
Frannie,1,Monica Gets A Roommate,"Hey, Monica!",212,1
Monica,1,Monica Gets A Roommate,"Hey Frannie, welcome back! How was Florida?",213,1
Frannie,1,Monica Gets A Roommate,"You had sex, didn't you?",214,1
Monica,1,Monica Gets A Roommate,How do you do that?,215,1
Frannie,1,Monica Gets A Roommate,"Oh, I hate you, I'm pushing my Aunt Roz through Parrot Jungle and you're having sex! So? Who?",216,1
Monica,1,Monica Gets A Roommate,You know Paul?,217,1
Frannie,1,Monica Gets A Roommate,"Paul the Wine Guy? Oh yeah, I know Paul.",218,1
Monica,1,Monica Gets A Roommate,You mean you know Paul like I know Paul?,219,1
Frannie,1,Monica Gets A Roommate,"Are you kidding? I take credit for Paul. Y'know before me, there was no snap in his turtle for two years.",220,1
Joey,1,Monica Gets A Roommate,(sitting on the arm of the couch)Of course it was a line!,221,1
Monica,1,Monica Gets A Roommate,"Why?! Why? Why, why would anybody do something like that?",222,1
Ross,1,Monica Gets A Roommate,I assume we're looking for an answer more sophisticated than 'to get you into bed'.,223,1
Monica,1,Monica Gets A Roommate,I hate men! I hate men!,224,1
Phoebe,1,Monica Gets A Roommate,"Oh no, don't hate, you don't want to put that out into the universe.",225,1
Monica,1,Monica Gets A Roommate,Is it me? Is it like I have some sort of beacon that only dogs and men with severe emotional problems can hear?,226,1
Phoebe,1,Monica Gets A Roommate,"All right, c'mere, gimme your feet. (She starts massaging them.)",227,1
Monica,1,Monica Gets A Roommate,"I just thought he was nice, y'know?",228,1
Joey,1,Monica Gets A Roommate,(bursts out laughing again) I can't believe you didn't know it was a line!,229,1
Rachel,1,Monica Gets A Roommate,Guess what?,230,1
Ross,1,Monica Gets A Roommate,You got a job?,231,1
Rachel,1,Monica Gets A Roommate,Are you kidding? I'm trained for nothing! I was laughed out of twelve interviews today.,232,1
Chandler,1,Monica Gets A Roommate,And yet you're surprisingly upbeat.,233,1
Rachel,1,Monica Gets A Roommate,"You would be too if you found John and David boots on sale, fifty percent off!",234,1
Chandler,1,Monica Gets A Roommate,"Oh, how well you know me...",235,1
Rachel,1,Monica Gets A Roommate,"They're my new 'I don't need a job, I don't need my parents, I've got great boots' boots!",236,1
Monica,1,Monica Gets A Roommate,How'd you pay for them?,237,1
Rachel,1,Monica Gets A Roommate,"Uh, credit card.",238,1
Monica,1,Monica Gets A Roommate,And who pays for that?,239,1
Rachel,1,Monica Gets A Roommate,Um... my... father.,240,1
Rachel,1,Monica Gets A Roommate,"Oh God, come on you guys, is this really necessary? I mean, I can stop charging anytime I want.",241,1
Monica,1,Monica Gets A Roommate,"C'mon, you can't live off your parents your whole life.",242,1
Rachel,1,Monica Gets A Roommate,I know that. That's why I was getting married.,243,1
Phoebe,1,Monica Gets A Roommate,"Give her a break, it's hard being on your own for the first time.",244,1
Rachel,1,Monica Gets A Roommate,Thank you.,245,1
Phoebe,1,Monica Gets A Roommate,"You're welcome. I remember when I first came to this city. I was fourteen. My mom had just killed herself and my step-dad was back in prison, and I got here, and I didn't know anybody. And I ended up living with this albino guy who was, like, cleaning windshields outside port authority, and then he killed himself, and then I found aromatherapy. So believe me, I know exactly how you feel.",246,1
Ross,1,Monica Gets A Roommate,The word you're looking for is 'Anyway'...,247,1
Monica,1,Monica Gets A Roommate,"All right, you ready?",248,1
Rachel,1,Monica Gets A Roommate,"No. No, no, I'm not ready! How can I be ready? ""Hey, Rach! You ready to jump out the airplane without your parachute?"" Come on, I can't do this!",249,1
Monica,1,Monica Gets A Roommate,"You can, I know you can!",250,1
Rachel,1,Monica Gets A Roommate,I don't think so.,251,1
Ross,1,Monica Gets A Roommate,"Come on, you made coffee! You can do anything! (Chandler slowly tries to hide the now dead plant from that morning when he and Joey poured their coffee into it.)",252,1
Ross,1,Monica Gets A Roommate,"C'mon, cut. Cut, cut, cut,...",253,1
All,1,Monica Gets A Roommate,"Cut, cut, cut, cut, cut, cut, cut... (She cuts one of them and they cheer.)",254,1
Rachel,1,Monica Gets A Roommate,Y'know what? I think we can just leave it at that. It's kinda like a symbolic gesture...,255,1
Monica,1,Monica Gets A Roommate,Rachel! That was a library card!,256,1
All,1,Monica Gets A Roommate,"Cut, cut, cut, cut, cut, cut, cut..",257,1
Chandler,1,Monica Gets A Roommate,"(as Rachel is cutting up her cards) Y'know, if you listen closely, you can hear a thousand retailers scream.",258,1
Monica,1,Monica Gets A Roommate,Welcome to the real world! It sucks. You're gonna love it!,259,1
Monica,1,Monica Gets A Roommate,"Well, that's it (To Ross) You gonna crash on the couch?",260,1
Ross,1,Monica Gets A Roommate,"No. No, I gotta go home sometime.",261,1
Monica,1,Monica Gets A Roommate,You be okay?,262,1
Ross,1,Monica Gets A Roommate,Yeah.,263,1
Rachel,1,Monica Gets A Roommate,"Hey Mon, look what I just found on the floor. (Monica smiles.) What?",264,1
Monica,1,Monica Gets A Roommate,"That's Paul's watch. You just put it back where you found it. Oh boy. Alright. Goodnight, everybody.",265,1
Ross and Rachel,1,Monica Gets A Roommate,Goodnight.,266,1
Ross,1,Monica Gets A Roommate,"Mmm. (They both reach for the last cookie) Oh, no-",267,1
Rachel,1,Monica Gets A Roommate,Sorry-,268,1
Ross,1,Monica Gets A Roommate,"No no no, go-",269,1
Rachel,1,Monica Gets A Roommate,"No, you have it, really, I don't want it-",270,1
Ross,1,Monica Gets A Roommate,Split it?,271,1
Rachel,1,Monica Gets A Roommate,Okay.,272,1
Ross,1,Monica Gets A Roommate,"Okay. (They split it.) You know you probably didn't know this, but back in high school, I had a, um, major crush on you.",273,1
Rachel,1,Monica Gets A Roommate,I knew.,274,1
Ross,1,Monica Gets A Roommate,You did! Oh.... I always figured you just thought I was Monica's geeky older brother.,275,1
Rachel,1,Monica Gets A Roommate,I did.,276,1
Ross,1,Monica Gets A Roommate,"Oh. Listen, do you think- and try not to let my intense vulnerability become any kind of a factor here- but do you think it would be okay if I asked you out? Sometime? Maybe?",277,1
Rachel,1,Monica Gets A Roommate,"Yeah, maybe...",278,1
Ross,1,Monica Gets A Roommate,"Okay... okay, maybe I will...",279,1
Rachel,1,Monica Gets A Roommate,Goodnight.,280,1
Ross,1,Monica Gets A Roommate,Goodnight.,281,1
Monica,1,Monica Gets A Roommate,"See ya.... Waitwait, what's with you?",282,1
Ross,1,Monica Gets A Roommate,I just grabbed a spoon. (Ross exits and Monica has no idea what that means.),283,1
Joey,1,Monica Gets A Roommate,I can't believe what I'm hearing here.,285,1
Phoebe,1,Monica Gets A Roommate,(sings) I can't believe what I'm hearing here...,286,1
Monica,1,Monica Gets A Roommate,What? I-I said you had a-,287,1
Phoebe,1,Monica Gets A Roommate,(sings) What I said you had...,288,1
Monica,1,Monica Gets A Roommate,(to Phoebe) Would you stop?,289,1
Phoebe,1,Monica Gets A Roommate,"Oh, was I doing it again?",290,1
All,1,Monica Gets A Roommate,Yes!,291,1
Monica,1,Monica Gets A Roommate,"I said that you had a nice butt, it's just not a great butt.",292,1
Joey,1,Monica Gets A Roommate,"Oh, you wouldn't know a great butt if it came up and bit ya.",293,1
Ross,1,Monica Gets A Roommate,There's an image.,294,1
Rachel,1,Monica Gets A Roommate,(walks up with a pot of coffee) Would anybody like more coffee?,295,1
Chandler,1,Monica Gets A Roommate,"Did you make it, or are you just serving it?",296,1
Rachel,1,Monica Gets A Roommate,I'm just serving it.,297,1
All,1,Monica Gets A Roommate,"Yeah. Yeah, I'll have a cup of coffee.",298,1
Chandler,1,Monica Gets A Roommate,"Kids, new dream... I'm in Las Vegas. (Rachel sits down to hear Chandler's dream.)",299,1
Customer,1,Monica Gets A Roommate,"(To Rachel) Ahh, miss? More coffee?",300,1
Rachel,1,Monica Gets A Roommate,"Ugh. (To another customer that's leaving.) Excuse me, could you give this to that guy over there? (Hands him the coffee pot.) Go ahead. (He does so.) Thank you. (To the gang.) Sorry. Okay, Las Vegas.",301,1
Chandler,1,Monica Gets A Roommate,"Okay, so, I'm in Las Vegas... I'm Liza Minelli-",302,1
Monica,2,The Sonogram At The End,"What you guys don't understand is, for us, kissing is as important as any part of it.",0,1
Joey,2,The Sonogram At The End,"Yeah, right!.......Y'serious?",1,1
Phoebe,2,The Sonogram At The End,"Oh, yeah!",2,1
Rachel,2,The Sonogram At The End,Everything you need to know is in that first kiss.,3,1
Monica,2,The Sonogram At The End,Absolutely.,4,1
Chandler,2,The Sonogram At The End,"Yeah, I think for us, kissing is pretty much like an opening act, y'know? I mean it's like the stand-up comedian you have to sit through before Pink Floyd comes out.",5,1
Ross,2,The Sonogram At The End,"Yeah, and-and it's not that we don't like the comedian, it's that-that... that's not why we bought the ticket.",6,1
Chandler,2,The Sonogram At The End,"The problem is, though, after the concert's over, no matter how great the show was, you girls are always looking for the comedian again, y'know? I mean, we're in the car, we're fighting traffic... basically just trying to stay awake.",7,1
Rachel,2,The Sonogram At The End,"Yeah, well, word of advice: Bring back the comedian. Otherwise next time you're gonna find yourself sitting at home, listening to that album alone.",8,1
Joey,2,The Sonogram At The End,(pause)....Are we still talking about sex?,9,1
Ross,2,The Sonogram At The End,"No, it's good, it is good, it's just that- mm- doesn't she seem a little angry?",11,1
Marsha,2,The Sonogram At The End,"Well, she has issues.",12,1
Ross,2,The Sonogram At The End,Does she.,13,1
Marsha,2,The Sonogram At The End,"He's out banging other women over the head with a club, while she sits at home trying to get the mastodon smell out of the carpet!",14,1
Ross,2,The Sonogram At The End,"Marsha, these are cave people. Okay? They have issues like 'Gee, that glacier's getting kinda close.' See?",15,1
Marsha,2,The Sonogram At The End,"Speaking of issues, isn't that your ex-wife?",16,1
Ross,2,The Sonogram At The End,(trying to ignore her) No. No.,17,1
Marsha,2,The Sonogram At The End,"Yes, it is. Carol! Hi!",18,1
Ross,2,The Sonogram At The End,"Okay, okay, yes, it is. (waves) How about I'll, uh, catch up with you in the Ice Age.",19,1
Ross,2,The Sonogram At The End,Hi.,20,1
Carol,2,The Sonogram At The End,So.,21,1
Ross,2,The Sonogram At The End,"You look great. I, uh... I hate that.",22,1
Carol,2,The Sonogram At The End,Sorry. You look good too.,23,1
Ross,2,The Sonogram At The End,"Ah, well, in here, anyone who... stands erect... So what's new? Still, uh...",24,1
Carol,2,The Sonogram At The End,A lesbian?,25,1
Ross,2,The Sonogram At The End,"Well... you never know. How's, um.. how's the family?",26,1
Carol,2,The Sonogram At The End,"Marty's still totally paranoid. Oh, and, uh-",27,1
Ross,2,The Sonogram At The End,"Why- why are you here, Carol?",28,1
Carol,2,The Sonogram At The End,I'm pregnant.,29,1
Ross,2,The Sonogram At The End,Pregnant?!,30,1
Chandler,2,The Sonogram At The End,"Oh, I think this is the episode of Three's Company where there's some kind of misunderstanding.",31,1
Phoebe,2,The Sonogram At The End,...Then I've already seen this one! (Turns off the TV.),32,1
Monica,2,The Sonogram At The End,(taking a drink from Joey) Are you through with that?,33,1
Joey,2,The Sonogram At The End,"Yeah, sorry, the swallowing slowed me down.",34,1
Monica,2,The Sonogram At The End,Whose little ball of paper is this?!,35,1
Chandler,2,The Sonogram At The End,"Oh, uh, that would be mine. See, I wrote a note to myself, and then I realised I didn't need it, so I balled it up and... (sees that Monica is glaring at him) ...now I wish I was dead.",36,1
Phoebe,2,The Sonogram At The End,"She's already fluffed that pillow... Monica, you know, you've already fluffed that- (Monica glares at her.) -but, it's fine!",37,1
Monica,2,The Sonogram At The End,"Look , I'm sorry, guys, I just don't wanna give them any more ammunition than they already have.",38,1
Chandler,2,The Sonogram At The End,"Yes, and we all know how cruel a parent can be about the flatness of a child's pillow.",39,1
Phoebe,2,The Sonogram At The End,"Monica- Hi! Um, Monica, you're scaring me. I mean, you're like, you're like all chaotic and twirly. And not-not in a good way.",40,1
Joey,2,The Sonogram At The End,"Yeah, calm down. You don't see Ross getting all chaotic and twirly every time they come.",41,1
Monica,2,The Sonogram At The End,"That's because as far as my parents are concerned, Ross can do no wrong. Y'see, he's the Prince. Apparently they had some big ceremony before I was born.",42,1
Chandler,2,The Sonogram At The End,"(looking out the window) Ew, ew, ew, ew ew ew ew ew!",43,1
Monica,2,The Sonogram At The End,What?,44,1
Chandler,2,The Sonogram At The End,Ugly Naked Guy got a Thighmaster!,45,1
All,2,The Sonogram At The End,Eeaagh!,46,1
Rachel,2,The Sonogram At The End,Has anybody seen my engagement ring?,47,1
Phoebe,2,The Sonogram At The End,"Yeah, it's beautiful.",48,1
Rachel,2,The Sonogram At The End,"Oh God, oh God, oh God oh God oh God oh God.... (Starts to look under the couch cushions.)",49,1
Phoebe,2,The Sonogram At The End,"No, look, don't touch that!",50,1
Rachel,2,The Sonogram At The End,"Oh, like I wasn't dreading tomorrow enough, having to give it back to him... 'Hi Barry! Remember me? I'm the girl in the veil who stomped on your heart in front of your entire family!' Oh God and now I'm gonna have to return the ring, without the ring, which makes it so much harder...",51,1
Monica,2,The Sonogram At The End,"Easy Rach, we'll find it. (To all) Won't we!",52,1
Chandler and Joey,2,The Sonogram At The End,Oh! Yeah!,53,1
Joey,2,The Sonogram At The End,"Alright, when'd'ya have it on last?",54,1
Phoebe,2,The Sonogram At The End,Doy! Probably right before she lost it!,55,1
Chandler,2,The Sonogram At The End,You don't get a lot of 'doy' these days...,56,1
Rachel,2,The Sonogram At The End,"I know I had it this morning, and I know I had it when I was in the kitchen with...",57,1
Chandler,2,The Sonogram At The End,...Dinah?,58,1
Rachel,2,The Sonogram At The End,"(looks at the lasagne and realizes something) Ohhhhh, don't be mad...",59,1
Monica,2,The Sonogram At The End,You didn't.,60,1
Rachel,2,The Sonogram At The End,"Oh, I am sorry...",61,1
Monica,2,The Sonogram At The End,I gave you one job! (Starts to examin the lasagne through the bottom of the glass pan.),62,1
Rachel,2,The Sonogram At The End,"Oh, but look how straight those noodles are!",63,1
Chandler,2,The Sonogram At The End,"Now, Monica, you know that's not how you look for an engagement ring in a lasagne...",64,1
Monica,2,The Sonogram At The End,(puts down the lasagne) I just... can't do it.,65,1
Chandler,2,The Sonogram At The End,Boys? We're going in.,66,1
Ross,2,The Sonogram At The End,(standing outside the door).....Hi.,67,1
Monica,2,The Sonogram At The End,Wow. That is not a happy hi.,68,1
Ross,2,The Sonogram At The End,Carol's pregnant.,69,1
Phoebe,2,The Sonogram At The End,(while everyone else is stunned) Ooh! I found it!,70,1
Monica,2,The Sonogram At The End,W-w-wh-... wha-... w-w-w-...,71,1
Ross,2,The Sonogram At The End,"Yeah. Do that for another two hours, you might be where I am right about now. (He enters.)",72,1
Chandler,2,The Sonogram At The End,"Kinda puts that whole pillow thing in perspective, huh, Mon?",73,1
Rachel,2,The Sonogram At The End,"Well now, how-how do you fit into this whole thing?",74,1
Ross,2,The Sonogram At The End,"Well, Carol says she and Susan want me to be involved, but if I'm not comfortable with it, I don't have to be involved.. basically it's entirely up to me.",75,1
Phoebe,2,The Sonogram At The End,She is so great! I miss her.,76,1
Monica,2,The Sonogram At The End,What does she mean by 'involved'?,77,1
Chandler,2,The Sonogram At The End,"I mean presumably, the biggest part of your job is done.",78,1
Ross,2,The Sonogram At The End,"Anyway, they want me to go down to this- sonogram thing with them tomorrow.",79,1
Rachel,2,The Sonogram At The End,So what are you gonna do?,80,1
Ross,2,The Sonogram At The End,"I have no idea. No matter what I do, though, I'm still gonna be a father.",81,1
Joey,2,The Sonogram At The End,".....Well, this is still ruined, right?",82,1
Mrs. Geller,2,The Sonogram At The End,"Oh, Martha Ludwin's daughter is gonna call you. (Tastes a snack) Mmm! What's that curry taste?",83,1
Monica,2,The Sonogram At The End,Curry.,84,1
Mrs. Geller,2,The Sonogram At The End,Mmmm!,85,1
Ross,2,The Sonogram At The End,"I- I think they're great! I, I really do.",86,1
Mr. Geller,2,The Sonogram At The End,"(To Ross) Do you remember the Ludwins? The big one had a thing for you, didn't she?",87,1
Mrs. Geller,2,The Sonogram At The End,They all had a thing for him.,88,1
Ross,2,The Sonogram At The End,"Aw, Mom...",89,1
Monica,2,The Sonogram At The End,"I'm sorry, why is this girl going to call me?",90,1
Mrs. Geller,2,The Sonogram At The End,"Oh, she just graduated, and she wants to be something in cooking, or food, or.... I don't know. Anyway, I told her you had a restaurant-",91,1
Monica,2,The Sonogram At The End,"No Mom, I don't have a restaurant, I work in a restaurant.",92,1
Mrs. Geller,2,The Sonogram At The End,"Well, they don't have to know that... (She starts to fluff the same pillow Monica fluffed multiple times earlier.)",93,1
Monica,2,The Sonogram At The End,"Ross, could you come and help me with the spaghetti, please?",94,1
Ross,2,The Sonogram At The End,Yeah. (They go to the kitchen.),95,1
Mrs. Geller,2,The Sonogram At The End,"Oh, we're having spaghetti! That's.... easy.",96,1
Monica,2,The Sonogram At The End,"I know this is going to sound unbelievably selfish, but, were you planning on bringing up the whole baby/lesbian thing? Because I think it might take some of the heat off me.",97,1
Mrs. Geller,2,The Sonogram At The End,"What that Rachel did to her life.... We ran into her parents at the club, they were not playing very well.",98,1
Mr. Geller,2,The Sonogram At The End,I'm not gonna tell you what they spent on that wedding... but forty thousand dollars is a lot of money!,99,1
Mrs. Geller,2,The Sonogram At The End,"Well, at least she had the chance to leave a man at the altar...",100,1
Monica,2,The Sonogram At The End,What's that supposed to mean?,101,1
Mrs. Geller,2,The Sonogram At The End,Nothing! It's an expression.,102,1
Monica,2,The Sonogram At The End,No it's not.,103,1
Mr. Geller,2,The Sonogram At The End,"Don't listen to your mother. You're independent, and you always have been! Even when you were a kid... and you were chubby, and you had no friends, you were just fine! And you would read alone in your room, and your puzzles...",104,1
Mr. Geller,2,The Sonogram At The End,"Look, there are people like Ross who need to shoot for the stars, with his museum, and his papers getting published. Other people are satisfied with staying where they are- I'm telling you, these are the people who never get cancer.",105,1
Mr. Geller,2,The Sonogram At The End,"...And I read about these women trying to have it all, and I thank God 'Our Little Harmonica' doesn't seem to have that problem.",106,1
Monica,2,The Sonogram At The End,"(trying desperately to change the subject) So, Ross, what's going on with you? Any stories? (Digs her elbow into his hand.) No news, no little anecdotes to share with the folks?",107,1
Ross,2,The Sonogram At The End,"(pulls his hand away) Okay! Okay. (To his parents) Look, I, uh- I realise you guys have been wondering what exactly happened between Carol and me, and, so, well, here's the deal. Carol's a lesbian. She's living with a woman named Susan. She's pregnant with my child, and she and Susan are going to raise the baby.",108,1
Mrs. Geller,2,The Sonogram At The End,(To Monica) And you knew about this?!,109,1
Joey,2,The Sonogram At The End,"Your folks are really that bad, huh?",111,1
Ross,2,The Sonogram At The End,"Well, y'know, these people are pros. They know what they're doing, they take their time, they get the job done.",112,1
Monica,2,The Sonogram At The End,"Boy, I know they say you can't change your parents,... boy, if you could- (To Ross) -I'd want yours.",113,1
Ross,2,The Sonogram At The End,Must pee. (Goes to pee.),114,1
Phoebe,2,The Sonogram At The End,"Y'know, it's even worse when you're twins.",115,1
Rachel,2,The Sonogram At The End,You're twins?,116,1
Phoebe,2,The Sonogram At The End,"Yeah. We don't speak. She's like this high-powered, driven career type.",117,1
Chandler,2,The Sonogram At The End,What does she do?,118,1
Phoebe,2,The Sonogram At The End,She's a waitress.,119,1
Rachel,2,The Sonogram At The End,"All right, you guys, I kinda gotta clean up now. (They all start to leave.)",120,1
Monica,2,The Sonogram At The End,"Chandler, you're an only child, right? You don't have any of this.",121,1
Chandler,2,The Sonogram At The End,"Well, no, although I did have an imaginary friend, who... my parents actually preferred.",122,1
Rachel,2,The Sonogram At The End,"The lights, please..",123,1
Ross,2,The Sonogram At The End,...How long was I in there?,124,1
Rachel,2,The Sonogram At The End,I'm just cleaning up.,125,1
Ross,2,The Sonogram At The End,D'ya.. uh.. d'ya need any help?,126,1
Rachel,2,The Sonogram At The End,"Uh.. okay, sure! Thanks! (She hands him the broom and sits down.)",127,1
Ross,2,The Sonogram At The End,"Anyway.. um.. (Starts to sweep.) So, you- uh- you nervous about Barry tomorrow?",128,1
Rachel,2,The Sonogram At The End,Oh.. a little..,129,1
Ross,2,The Sonogram At The End,Mm-hmm..,130,1
Rachel,2,The Sonogram At The End,A lot.,131,1
Ross,2,The Sonogram At The End,Mm.,132,1
Rachel,2,The Sonogram At The End,"So, got any advice? Y'know, as someone who's recently been- dumped?",133,1
Ross,2,The Sonogram At The End,"Well, you may wanna steer clear of the word 'dumped'. Chances are he's gonna be this, this broken shell of a man, y'know, so you should try not to look too terrific, I know it'll be hard. Or, y'know, uh, hey!, I'll go down there, and I'll give Barry back his ring, and you can go with Carol and Susan to the OB/GYN...",134,1
Rachel,2,The Sonogram At The End,"Oh, you've got Carol tomorrow.. When did it get so complicated?",135,1
Ross,2,The Sonogram At The End,Got me.,136,1
Rachel,2,The Sonogram At The End,Remember when we were in high school together?,137,1
Ross,2,The Sonogram At The End,Yeah.,138,1
Rachel,2,The Sonogram At The End,"I mean, didn't you think you were just gonna meet somone, fall in love- and that'd be it? (Ross gazes at her.) ..Ross?",139,1
Ross,2,The Sonogram At The End,"Yes, yes!",140,1
Rachel,2,The Sonogram At The End,"Oh! Man, I never thought I'd be here.. (She leans back onto his hand.)",141,1
Ross,2,The Sonogram At The End,Me either... (He pulls up a stool so that he doesn't have to move his hand.),142,1
Ross,2,The Sonogram At The End,"(entering) Sorry I'm late, I was stuck at work. There was this big dinosaur.. thing.. anyway.",143,1
Susan,2,The Sonogram At The End,Hi.,144,1
Carol,2,The Sonogram At The End,"Ross, you remember Susan.",145,1
Ross,2,The Sonogram At The End,How could I forget?,146,1
Susan,2,The Sonogram At The End,Ross.,147,1
Ross,2,The Sonogram At The End,"(they shake hands) Hello, Susan. (To Carol) Good shake. Good shake. So, uh, we're just waiting for...?",148,1
Carol,2,The Sonogram At The End,Dr. Oberman.,149,1
Ross,2,The Sonogram At The End,..Dr. Oberman. Okay. And is he-,150,1
Susan,2,The Sonogram At The End,She.,151,1
Ross,2,The Sonogram At The End,"-she, of course, she- uh- familiar with our.. special situation?",152,1
Carol,2,The Sonogram At The End,"Yes, and she's very supportive.",153,1
Ross,2,The Sonogram At The End,"Okay, that's great. (Susan gives her drink to Carol.) No, I'm- Oh.",154,1
Carol,2,The Sonogram At The End,Thanks.,155,1
Ross,2,The Sonogram At The End,"(picks up a surgical instrament and mimes a duck with it) Quack, quack..",156,1
Carol,2,The Sonogram At The End,Ross? That opens my cervix. (He drops it in horror.),157,1
Rachel,2,The Sonogram At The End,Barry?,158,1
Barry,2,The Sonogram At The End,C'mon in.,159,1
Rachel,2,The Sonogram At The End,(hesitates) Are you sure?,160,1
Barry,2,The Sonogram At The End,"Yeah! It's fine, it's fine. Robbie's gonna be here for hours.",161,1
Robbie,2,The Sonogram At The End,Huh?!,162,1
Barry,2,The Sonogram At The End,"So, how ya doin?",163,1
Rachel,2,The Sonogram At The End,I'm- uh- I'm okay... You look great!,164,1
Barry,2,The Sonogram At The End,"Yeah, well..",165,1
Bernice,2,The Sonogram At The End,"(over intercom) Dr. Farber, Jason Greenstein's gagging.",166,1
Barry,2,The Sonogram At The End,(answering the intercom) Be right there. (To Robbie and Rachel) Be back in a sec.,167,1
Rachel,2,The Sonogram At The End,I dumped him.,168,1
Robbie,2,The Sonogram At The End,Okay.,169,1
Ross,2,The Sonogram At The End,"So, um- so how's this, uh, how's this gonna work? Y'know, with us? Y'know, when, like, important decisions have to be made?",170,1
Carol,2,The Sonogram At The End,Give me a 'for instance'.,171,1
Ross,2,The Sonogram At The End,"Well, uh, uh, I don't know, okay, okay, how about with the, uh, with the baby's name?",172,1
Carol,2,The Sonogram At The End,Marlon-,173,1
Ross,2,The Sonogram At The End,Marlon?!,174,1
Carol,2,The Sonogram At The End,"-if it's a boy, Minnie if it's a girl.",175,1
Ross,2,The Sonogram At The End,...As in Mouse?,176,1
Carol,2,The Sonogram At The End,As in my grandmother.,177,1
Ross,2,The Sonogram At The End,"Still, you- you say Minnie, you hear Mouse. Um, how about, um.. how about Julia?",178,1
Carol,2,The Sonogram At The End,Julia..,179,1
Susan,2,The Sonogram At The End,We agreed on Minnie.,180,1
Ross,2,The Sonogram At The End,"'S'funny, um, uh, we agreed we'd spend the rest of our lives together. Things change, roll with the punches. I believe Julia's on the table..?",181,1
Barry,2,The Sonogram At The End,Sorry about that. So. What have you been up to?,182,1
Rachel,2,The Sonogram At The End,"Oh, not much. I-I got a job.",183,1
Barry,2,The Sonogram At The End,"Oh, that's great.",184,1
Rachel,2,The Sonogram At The End,Why are- why are you so tanned?,185,1
Barry,2,The Sonogram At The End,"Oh, I, uh- I went to Aruba.",186,1
Rachel,2,The Sonogram At The End,Oh no. You went on our honeymoon alone?,187,1
Barry,2,The Sonogram At The End,"No. I went with, uh.. Now, this may hurt.",188,1
Robbie,2,The Sonogram At The End,Me?!,189,1
Barry,2,The Sonogram At The End,No! (To Rachel) I went with Mindy.,190,1
Rachel,2,The Sonogram At The End,"Mindy?! My maid of honour, Mindy?!",191,1
Barry,2,The Sonogram At The End,"Yeah, well, uh, we're kind of a thing now.",192,1
Rachel,2,The Sonogram At The End,"Oh! Well, um.. (Grabs his forehand) You've got plugs!",193,1
Barry,2,The Sonogram At The End,Careful! They haven't quite taken yet.,194,1
Rachel,2,The Sonogram At The End,And you've got lenses! But you hate sticking your finger in your eye!,195,1
Barry,2,The Sonogram At The End,"Not for her. Listen, I really wanted to thank you.",196,1
Rachel,2,The Sonogram At The End,Okay..,197,1
Barry,2,The Sonogram At The End,"See, about a month ago, I wanted to hurt you. More than I've ever wanted to hurt anyone in my life. And I'm an orthodontist.",198,1
Rachel,2,The Sonogram At The End,Wow.,199,1
Barry,2,The Sonogram At The End,"You know, you were right? I mean, I thought we were happy. We weren't happy. But with Mindy, now I'm happy. Spit.",200,1
Rachel,2,The Sonogram At The End,What?,201,1
