temporada,numero_episodio,guionista
1,1,David Crane
1,1,Marta Kauffman
1,2,David Crane
1,2,Marta Kauffman
1,3,Jeffrey Astrof
1,3,Mike Sikowitz
1,4,Alexa Junge
1,5,Jeff Greenstein
1,5,Jeff Strauss
1,6,Adam Chase
1,6,Ira Ungerleider
1,7,Jeffrey Astrof
1,7,Mike Sikowitz
1,8,Marta Kauffman
1,8,David Crane
1,9,Jeff Greenstein
1,9,Jeff Strauss
1,10,Adam Chase
1,10,Ira Ungerleider
1,11,Alexa Junge
1,12,Jeffrey Astrof
1,12,Mike Sikowitz
1,12,Adam Chase
1,12,Ira Ungerleider
1,13,Alexa Junge
1,14,Bill Lawrence
1,15,Jeff Greenstein
1,15,Jeff Strauss
1,16,Marta Kauffman
1,16,David Crane
1,17,Marta Kauffman
1,17,David Crane
1,18,Jeffrey Astrof
1,18,Mike Sikowitz
1,19,Jeffrey Astrof
1,19,Mike Sikowitz
1,20,Doty Abrams
1,21,Adam Chase
1,21,Ira Ungerleider
1,22,Alexa Junge
1,24,Chris Brown
2,1,Jeffrey Astrof
2,1,Mike Sikowitz
2,2,Adam Chase
2,2,Ira Ungerleider
2,3,Michael Curtis
2,3,Gregory S. Malins
2,4,Alexa Junge
2,5,Chris Brown
2,6,Betsy Borns
2,7,Michael Borkow
2,8,David Crane
2,8,Marta Kauffman
2,9,Jeffrey Astrof
2,9,Mike Sikowitz
2,10,Ira Ungerleider
2,11,Doty Abrams
2,12,Jeffrey Astrof
2,12,Mike Sikowitz
2,12,Michael Borkow
2,13,Jeffrey Astrof
2,13,Mike Sikowitz
2,13,Michael Borkow
2,14,Alexa Junge
2,15,Michael Curtis
2,15,Gregory S. Malins
2,16,Betsy Borns
2,17,Adam Chase
2,19,Michael Curtis
2,19,Gregory S. Malins
2,21,Brian Buckner
2,21,Sebastian Jones
2,22,Alexa Junge
2,23,Brown Mandell
3,1,Michael Curtis
3,1,Gregory S. Malins
3,2,Ira Ungerleider
3,3,Wil Calhoun
3,4,Alexa Junge
3,5,Shana Goldberg-Meehan
3,5,Scott Silveri
3,6,David Crane
3,6,Marta Kauffman
3,7,Seth Kurland
3,8,Adam Chase
3,9,Ira Ungerleider
3,10,Gregory S. Malins
3,10,Michael Curtis
3,11,Alexa Junge
3,12,Doty Abrams
3,13,Michael Borkow
3,14,Wil Calhoun
3,15,Michael Borkow
3,16,David Crane
3,16,Marta Kauffman
3,17,Shana Goldberg-Meehan
3,17,Scott Silveri
3,18,Seth Kurland
3,19,Adam Chase
3,20,Wil Calhoun
3,21,Chris Brown
3,22,Shana Goldberg-Meehan
3,22,Scott Silveri
3,23,Ted Cohen
3,23,Andrew Reich
4,1,Wil Calhoun
4,2,Jill Condon
4,2,Amy Toomin
4,3,Seth Kurland
4,4,Ted Cohen
4,4,Andrew Reich
4,5,Gregory S. Malins
4,5,Michael Curtis
4,6,Shana Goldberg-Meehan
4,6,Scott Silveri
4,7,Adam Chase
4,8,Michael Borkow
4,9,Ted Cohen
4,9,Andrew Reich
4,10,Scott Silveri
4,11,Seth Kurland
4,12,Jill Condon
4,12,Amy Toomin
4,13,Shana Goldberg-Meehan
4,14,Wil Calhoun
4,19,Scott Silveri
4,19,Wil Calhoun
4,21,Seth Kurland
5,1,Seth Kurland
5,2,Wil Calhoun
5,3,David Crane
5,3,Marta Kauffman
5,4,Michael Curtis
5,5,Scott Silveri
5,6,Alexa Junge
5,7,Gigi Mc
5,7,Creery
5,7,Perry Rein
5,8,Gregory S. Malins
5,9,Ted Cohen
5,9,Andrew Reich
5,10,Shana Goldberg-Meehan
5,12,Alicia Sky Varinaitis
5,14,Alexa Junge
5,15,Adam Chase
5,17,Andrew Reich
5,17,Ted Cohen
5,18,Michael Curtis
5,19,Doty Abrams
5,20,Shana Goldberg-Meehan
5,20,Seth Kurland
5,23,Ted Cohen
5,23,Andrew Reich
5,23,Gregory S. Malins
5,23,Scott Silveri
5,24,Ted Cohen
5,24,Andrew Reich
5,24,Gregory S. Malins
5,24,Scott Silveri
6,1,Adam Chase
6,2,Shana Goldberg-Meehan
6,3,Seth Kurland
6,4,Andrew Reich
6,4,Ted Cohen
6,5,Perry Rein
6,5,Gigi Mc
6,5,Creery
6,6,Scott Silveri
6,7,Sherry Bilsing-Graham
6,7,Ellen Plummer
6,9,Gregory S. Malins
6,10,Brian Boyle
6,14,Andrew Reich
6,14,Ted Cohen
6,15,Gregory S. Malins
6,15,Adam Chase
6,15,David Crane
6,15,Marta Kauffman
6,16,Gregory S. Malins
6,16,Adam Chase
6,16,David Crane
6,16,Marta Kauffman
6,18,Seth Kurland
6,20,Doty Abrams
6,23,Ted Cohen
6,23,Andrew Reich
6,24,Shana Goldberg-Meehan
6,24,Scott Silveri
6,24,Andrew Reich
6,24,Ted Cohen
6,25,Shana Goldberg-Meehan
6,25,Scott Silveri
6,25,Andrew Reich
6,25,Ted Cohen
7,2,Andrew Reich
7,2,Ted Cohen
7,3,Sherry Bilsing
7,3,Ellen Plummer
7,4,Brian Boyle
7,6,Brian Buckner
7,6,Sebastian Jones
7,7,Scott Silveri
7,8,Patty Lin
7,9,Wil Calhoun
7,10,Gregory S. Malins
7,11,Shana Goldberg-Meehan
7,12,Zachary Rosenblatt
7,19,Andrew Reich
7,19,Ted Cohen
7,20,Scott Silveri
7,20,Shana Goldberg-Meehan
7,21,Doty Abrams
7,23,Gregory S. Malins
7,23,Marta Kauffman
7,23,David Crane
7,24,Gregory S. Malins
7,24,Marta Kauffman
7,24,David Crane
8,1,David Crane
8,1,Marta Kauffman
8,2,Dana Klein Borkow
8,3,Sherry Bilsing
8,3,Ellen Plummer
8,4,Scott Silveri
8,5,Brian Buckner
8,5,Sebastian Jones
8,6,Mark Kunerth
8,7,R. Lee Fleming Jr.
8,8,Andrew Reich
8,8,Ted Cohen
8,9,Shana Goldberg-Meehan
8,11,Robert Carlock
8,12,Sherry Bilsing-Graham
8,12,Ellen Plummer
8,13,Vanessa Mc
8,13,Carthy
8,14,Brian Buckner
8,14,Sebastian Jones
8,15,Dana Klein Borkow
8,16,Andrew Reich
8,16,Ted Cohen
8,19,Doty Abrams
8,20,Sherry Bilsing-Graham
8,20,Ellen Plummer
8,22,Shana Goldberg-Meehan
8,23,Scott Silveri
8,23,Marta Kauffman
8,23,David Crane
8,24,Scott Silveri
8,24,Marta Kauffman
8,24,David Crane
9,1,Sherry Bilsing-Graham
9,1,Ellen Plummer
9,2,Dana Klein Borkow
9,3,Brian Buckner
9,3,Sebastian Jones
9,4,Andrew Reich
9,4,Ted Cohen
9,5,Scott Silveri
9,6,David Crane
9,6,Marta Kauffman
9,7,Robert Carlock
9,8,Shana Goldberg-Meehan
9,9,Mark Kunerth
9,10,Doty Abrams
9,14,Sherry Bilsing-Graham
9,14,Ellen Plummer
9,15,Peter Tibbals
9,16,Mark Kunerth
9,22,Andrew Reich
9,22,Ted Cohen
9,23,Shana Goldberg-Meehan
9,23,Scott Silveri
9,23,Marta Kauffman
9,23,David Crane
9,24,Shana Goldberg-Meehan
9,24,Scott Silveri
9,24,Marta Kauffman
9,24,David Crane
10,1,Andrew Reich
10,1,Ted Cohen
10,2,Sherry Bilsing-Graham
10,2,Ellen Plummer
10,3,Brian Buckner
10,4,Robert Carlock
10,5,Dana Klein Borkow
10,6,Sebastian Jones
10,7,Mark Kunerth
10,8,Shana Goldberg-Meehan
10,9,Scott Silveri
10,10,Doty Abrams
10,11,David Crane
10,11,Marta Kauffman
10,12,Robert Carlock
10,12,Dana Klein Borkow
10,13,Sherry Bilsing-Graham
10,13,Ellen Plummer
10,16,Andrew Reich
10,16,Ted Cohen
10,17,Marta Kauffman
10,17,David Crane
10,18,Marta Kauffman
10,18,David Crane
